SQL> 
SQL> -- ... insert lab 3 commands here ...
SQL> alter table "STUDENT"."SYSTEM_USER_LAB" disable  constraint "FK_SYSTEM_USER_LAB_3";

Table "STUDENT"."SYSTEM_USER_LAB" altered.

SQL> alter table "STUDENT"."SYSTEM_USER_LAB" disable  constraint "FK_SYSTEM_USER_LAB_4";

Table "STUDENT"."SYSTEM_USER_LAB" altered.

SQL> 
SQL> alter table "STUDENT"."SYSTEM_USER_LAB" drop constraint "NN_SYSTEM_USER_LAB_2";

Table "STUDENT"."SYSTEM_USER_LAB" altered.

SQL> alter table "STUDENT"."SYSTEM_USER_LAB" drop constraint "NN_SYSTEM_USER_LAB_3";

Table "STUDENT"."SYSTEM_USER_LAB" altered.

SQL> 
SQL> INSERT INTO "STUDENT"."SYSTEM_USER_LAB" (SYSTEM_USER_LAB_ID, SYSTEM_USER_NAME, CREATED_BY, CREATION_DATE, LAST_UPDATED_BY, LAST_UPDATE_DATE) 
  2  VALUES ('1', 'SYSADMIN', '1', SYSDATE,'1', SYSDATE);

1 row inserted.

SQL> 
SQL> alter table "STUDENT"."COMMON_LOOKUP_LAB" disable  constraint "FK_CLOOKUP_1";

Table "STUDENT"."COMMON_LOOKUP_LAB" altered.

SQL> alter table "STUDENT"."COMMON_LOOKUP_LAB" disable  constraint "FK_CLOOKUP_2";

Table "STUDENT"."COMMON_LOOKUP_LAB" altered.

SQL> 
SQL> INSERT INTO "STUDENT"."COMMON_LOOKUP_LAB" (COMMON_LOOKUP_LAB_ID, COMMON_LOOKUP_CONTEXT, COMMON_LOOKUP_TYPE, COMMON_LOOKUP_MEANING, CREATED_BY, CREATION_DATE, LAST_UPDATED_BY, LAST_UPDATE_DATE) 
  2  VALUES ('1', 'SYSTEM_USER_LAB', 'SYSTEM_ADMIN', 'System Administrator', '1', SYSDATE, '1', SYSDATE);

1 row inserted.

SQL> 
SQL> INSERT INTO "STUDENT"."COMMON_LOOKUP_LAB" (COMMON_LOOKUP_LAB_ID, COMMON_LOOKUP_CONTEXT, COMMON_LOOKUP_TYPE, COMMON_LOOKUP_MEANING, CREATED_BY, CREATION_DATE, LAST_UPDATED_BY, LAST_UPDATE_DATE) 
  2  VALUES ('2', 'SYSTEM_USER_LAB', 'DBA', 'Database Administrator', '1', SYSDATE, '1', SYSDATE);

1 row inserted.

SQL> 
SQL> INSERT INTO "STUDENT"."COMMON_LOOKUP_LAB" (COMMON_LOOKUP_LAB_ID, COMMON_LOOKUP_CONTEXT, COMMON_LOOKUP_TYPE, COMMON_LOOKUP_MEANING, CREATED_BY, CREATION_DATE, LAST_UPDATED_BY, LAST_UPDATE_DATE) 
  2  VALUES ('3', 'SYSTEM_USER_LAB', 'SYSTEM_GROUP', 'Database Administrator', '1', SYSDATE, '1', SYSDATE);

1 row inserted.

SQL> 
SQL> INSERT INTO "STUDENT"."COMMON_LOOKUP_LAB" (COMMON_LOOKUP_LAB_ID, COMMON_LOOKUP_CONTEXT, COMMON_LOOKUP_TYPE, COMMON_LOOKUP_MEANING, CREATED_BY, CREATION_DATE, LAST_UPDATED_BY, LAST_UPDATE_DATE) 
  2  VALUES ('4', 'SYSTEM_USER_LAB', 'COST_CENTER', 'Database Administrator', '1', SYSDATE, '1', SYSDATE);

1 row inserted.

SQL> 
SQL> INSERT INTO "STUDENT"."COMMON_LOOKUP_LAB" (COMMON_LOOKUP_LAB_ID, COMMON_LOOKUP_CONTEXT, COMMON_LOOKUP_TYPE, COMMON_LOOKUP_MEANING, CREATED_BY, CREATION_DATE, LAST_UPDATED_BY, LAST_UPDATE_DATE) 
  2  VALUES ('5', 'SYSTEM_USER_LAB', 'INDIVIDUAL', 'Database Administrator', '1', SYSDATE, '1', SYSDATE);

1 row inserted.

SQL> 
SQL> INSERT INTO "STUDENT"."COMMON_LOOKUP_LAB" (COMMON_LOOKUP_LAB_ID, COMMON_LOOKUP_CONTEXT, COMMON_LOOKUP_TYPE, COMMON_LOOKUP_MEANING, CREATED_BY, CREATION_DATE, LAST_UPDATED_BY, LAST_UPDATE_DATE) 
  2  VALUES ('1001', 'CONTACT_LAB', 'EMPLOYEE', 'Employee', '1', SYSDATE, '1', SYSDATE);

1 row inserted.

SQL> 
SQL> INSERT INTO "STUDENT"."COMMON_LOOKUP_LAB" (COMMON_LOOKUP_LAB_ID, COMMON_LOOKUP_CONTEXT, COMMON_LOOKUP_TYPE, COMMON_LOOKUP_MEANING, CREATED_BY, CREATION_DATE, LAST_UPDATED_BY, LAST_UPDATE_DATE) 
  2  VALUES ('1002', 'CONTACT_LAB', 'CUSTOMER', 'Customer', '1', SYSDATE, '1', SYSDATE);

1 row inserted.

SQL> 
SQL> INSERT INTO "STUDENT"."COMMON_LOOKUP_LAB" (COMMON_LOOKUP_LAB_ID, COMMON_LOOKUP_CONTEXT, COMMON_LOOKUP_TYPE, COMMON_LOOKUP_MEANING, CREATED_BY, CREATION_DATE, LAST_UPDATED_BY, LAST_UPDATE_DATE) 
  2  VALUES ('1003', 'MEMBER_LAB', 'INDIVIDUAL', 'Individual Membership', '1', SYSDATE, '1', SYSDATE);

1 row inserted.

SQL> 
SQL> INSERT INTO "STUDENT"."COMMON_LOOKUP_LAB" (COMMON_LOOKUP_LAB_ID, COMMON_LOOKUP_CONTEXT, COMMON_LOOKUP_TYPE, COMMON_LOOKUP_MEANING, CREATED_BY, CREATION_DATE, LAST_UPDATED_BY, LAST_UPDATE_DATE) 
  2  VALUES ('1004', 'MEMBER_LAB', 'GROUP', 'Group Membership', '1', SYSDATE, '1', SYSDATE);

1 row inserted.

SQL> 
SQL> INSERT INTO "STUDENT"."COMMON_LOOKUP_LAB" (COMMON_LOOKUP_LAB_ID, COMMON_LOOKUP_CONTEXT, COMMON_LOOKUP_TYPE, COMMON_LOOKUP_MEANING, CREATED_BY, CREATION_DATE, LAST_UPDATED_BY, LAST_UPDATE_DATE) 
  2  VALUES ('1005', 'MEMBER_LAB', 'DISCOVER_CARD', 'Discover Card', '1', SYSDATE, '1', SYSDATE);

1 row inserted.

SQL> 
SQL> INSERT INTO "STUDENT"."COMMON_LOOKUP_LAB" (COMMON_LOOKUP_LAB_ID, COMMON_LOOKUP_CONTEXT, COMMON_LOOKUP_TYPE, COMMON_LOOKUP_MEANING, CREATED_BY, CREATION_DATE, LAST_UPDATED_BY, LAST_UPDATE_DATE) 
  2  VALUES ('1006', 'MEMBER_LAB', 'MASTER_CARD', 'Master Card', '1', SYSDATE, '1', SYSDATE);

1 row inserted.

SQL> 
SQL> INSERT INTO "STUDENT"."COMMON_LOOKUP_LAB" (COMMON_LOOKUP_LAB_ID, COMMON_LOOKUP_CONTEXT, COMMON_LOOKUP_TYPE, COMMON_LOOKUP_MEANING, CREATED_BY, CREATION_DATE, LAST_UPDATED_BY, LAST_UPDATE_DATE) 
  2  VALUES ('1007', 'MEMBER_LAB', 'VISA_CARD', 'Visa Card', '1', SYSDATE, '1', SYSDATE);

1 row inserted.

SQL> 
SQL> INSERT INTO "STUDENT"."COMMON_LOOKUP_LAB" (COMMON_LOOKUP_LAB_ID, COMMON_LOOKUP_CONTEXT, COMMON_LOOKUP_TYPE, COMMON_LOOKUP_MEANING, CREATED_BY, CREATION_DATE, LAST_UPDATED_BY, LAST_UPDATE_DATE) 
  2  VALUES ('1008', 'MULTIPLE', 'HOME', 'Home', '1', SYSDATE, '1', SYSDATE);

1 row inserted.

SQL> 
SQL> INSERT INTO "STUDENT"."COMMON_LOOKUP_LAB" (COMMON_LOOKUP_LAB_ID, COMMON_LOOKUP_CONTEXT, COMMON_LOOKUP_TYPE, COMMON_LOOKUP_MEANING, CREATED_BY, CREATION_DATE, LAST_UPDATED_BY, LAST_UPDATE_DATE) 
  2  VALUES ('1009', 'MULTIPLE', 'WORK', 'Work', '1', SYSDATE, '1', SYSDATE);

1 row inserted.

SQL> 
SQL> INSERT INTO "STUDENT"."COMMON_LOOKUP_LAB" (COMMON_LOOKUP_LAB_ID, COMMON_LOOKUP_CONTEXT, COMMON_LOOKUP_TYPE, COMMON_LOOKUP_MEANING, CREATED_BY, CREATION_DATE, LAST_UPDATED_BY, LAST_UPDATE_DATE) 
  2  VALUES ('1010', 'ITEM_LAB', 'DVD_FULL_SCREEN', 'DVD: Full Screen', '1', SYSDATE, '1', SYSDATE);

1 row inserted.

SQL> 
SQL> INSERT INTO "STUDENT"."COMMON_LOOKUP_LAB" (COMMON_LOOKUP_LAB_ID, COMMON_LOOKUP_CONTEXT, COMMON_LOOKUP_TYPE, COMMON_LOOKUP_MEANING, CREATED_BY, CREATION_DATE, LAST_UPDATED_BY, LAST_UPDATE_DATE) 
  2  VALUES ('1011', 'ITEM_LAB', 'DVD_WIDE_SCREEN', 'DVD: Wide Screen', '1', SYSDATE, '1', SYSDATE);

1 row inserted.

SQL> 
SQL> INSERT INTO "STUDENT"."COMMON_LOOKUP_LAB" (COMMON_LOOKUP_LAB_ID, COMMON_LOOKUP_CONTEXT, COMMON_LOOKUP_TYPE, COMMON_LOOKUP_MEANING, CREATED_BY, CREATION_DATE, LAST_UPDATED_BY, LAST_UPDATE_DATE) 
  2  VALUES ('1012', 'ITEM_LAB', 'NINTENDO_GAMECUBE', 'Nintendo Gamecube', '1', SYSDATE, '1', SYSDATE);

1 row inserted.

SQL> 
SQL> INSERT INTO "STUDENT"."COMMON_LOOKUP_LAB" (COMMON_LOOKUP_LAB_ID, COMMON_LOOKUP_CONTEXT, COMMON_LOOKUP_TYPE, COMMON_LOOKUP_MEANING, CREATED_BY, CREATION_DATE, LAST_UPDATED_BY, LAST_UPDATE_DATE) 
  2  VALUES ('1013', 'ITEM_LAB', 'PLAYSTATION2', 'Playstation 2', '1', SYSDATE, '1', SYSDATE);

1 row inserted.

SQL> 
SQL> INSERT INTO "STUDENT"."COMMON_LOOKUP_LAB" (COMMON_LOOKUP_LAB_ID, COMMON_LOOKUP_CONTEXT, COMMON_LOOKUP_TYPE, COMMON_LOOKUP_MEANING, CREATED_BY, CREATION_DATE, LAST_UPDATED_BY, LAST_UPDATE_DATE) 
  2  VALUES ('1014', 'ITEM_LAB', 'XBOX', 'XBox', '1', SYSDATE, '1', SYSDATE);

1 row inserted.

SQL> 
SQL> INSERT INTO "STUDENT"."COMMON_LOOKUP_LAB" (COMMON_LOOKUP_LAB_ID, COMMON_LOOKUP_CONTEXT, COMMON_LOOKUP_TYPE, COMMON_LOOKUP_MEANING, CREATED_BY, CREATION_DATE, LAST_UPDATED_BY, LAST_UPDATE_DATE) 
  2  VALUES ('1015', 'ITEM_LAB', 'BLU-RAY', 'Blu-Ray', '1', SYSDATE, '1', SYSDATE);

1 row inserted.

SQL> 
SQL> COL common_lookup_id       FORMAT  9999
SQL> COL common_lookup_context  FORMAT A22
SQL> COL common_lookup_type     FORMAT A18
SQL> SELECT   common_lookup_lab_id
  2  ,        common_lookup_context
  3  ,        common_lookup_type
  4  FROM     common_lookup_lab;

            Member                                          
            Lookup                        Common            
              ID # COMMON_LOOKUP_CONTEXT  Lookup Type       
------------------ ---------------------- ------------------
                 1 SYSTEM_USER_LAB        SYSTEM_ADMIN      
                 2 SYSTEM_USER_LAB        DBA               
                 3 SYSTEM_USER_LAB        SYSTEM_GROUP      
                 4 SYSTEM_USER_LAB        COST_CENTER       
                 5 SYSTEM_USER_LAB        INDIVIDUAL        
              1001 CONTACT_LAB            EMPLOYEE          
              1002 CONTACT_LAB            CUSTOMER          
              1003 MEMBER_LAB             INDIVIDUAL        
              1004 MEMBER_LAB             GROUP             
              1005 MEMBER_LAB             DISCOVER_CARD     
              1006 MEMBER_LAB             MASTER_CARD       
              1007 MEMBER_LAB             VISA_CARD         
              1008 MULTIPLE               HOME              
              1009 MULTIPLE               WORK              
              1010 ITEM_LAB               DVD_FULL_SCREEN   
              1011 ITEM_LAB               DVD_WIDE_SCREEN   
              1012 ITEM_LAB               NINTENDO_GAMECUBE 
              1013 ITEM_LAB               PLAYSTATION2      
              1014 ITEM_LAB               XBOX              
              1015 ITEM_LAB               BLU-RAY           

20 rows selected. 

SQL> 
SQL> SELECT common_lookup_lab_id 
  2  FROM COMMON_LOOKUP_LAB 
  3  WHERE common_lookup_context = 'SYSTEM_USER_LAB' 
  4  AND common_lookup_type = 'SYSTEM_GROUP';

            Member
            Lookup
              ID #
------------------
                 3

1 row selected. 

SQL> 
SQL> SELECT common_lookup_context
  2  FROM COMMON_LOOKUP_LAB
  3  WHERE common_lookup_context = 'SYSTEM_USER_LAB' 
  4  AND common_lookup_type = 'SYSTEM_ADMIN';

COMMON_LOOKUP_CONTEXT 
----------------------
SYSTEM_USER_LAB

1 row selected. 

SQL> 
SQL> UPDATE system_user_lab
  2  SET    system_user_group_id = 
  3           (SELECT   common_lookup_lab_id
  4            FROM     common_lookup_lab
  5            WHERE    common_lookup_context = 'SYSTEM_USER_LAB'
  6            AND      common_lookup_type = 'SYSTEM_ADMIN')
  7  WHERE  system_user_lab_id = 1;

1 row updated.

SQL> 
SQL> UPDATE system_user_lab
  2  SET    system_user_type = 
  3           (SELECT   common_lookup_lab_id
  4            FROM     common_lookup_lab
  5            WHERE    common_lookup_context = 'SYSTEM_USER_LAB'
  6            AND      common_lookup_type = 'SYSTEM_GROUP')
  7  WHERE  system_user_lab_id = 1;

1 row updated.

SQL> 
SQL> alter table "STUDENT"."COMMON_LOOKUP_LAB" enable  constraint "FK_CLOOKUP_1";

Table "STUDENT"."COMMON_LOOKUP_LAB" altered.

SQL> alter table "STUDENT"."COMMON_LOOKUP_LAB" enable  constraint "FK_CLOOKUP_2";

Table "STUDENT"."COMMON_LOOKUP_LAB" altered.

SQL> 
SQL> alter table "STUDENT"."SYSTEM_USER_LAB" enable  constraint "FK_SYSTEM_USER_LAB_3";

Table "STUDENT"."SYSTEM_USER_LAB" altered.

SQL> alter table "STUDENT"."SYSTEM_USER_LAB" enable  constraint "FK_SYSTEM_USER_LAB_4";

Table "STUDENT"."SYSTEM_USER_LAB" altered.

SQL> 
SQL> ALTER TABLE system_user_lab
  2    MODIFY (system_user_group_id  NUMBER  CONSTRAINT nn_system_user_lab_2 NOT NULL);

Table SYSTEM_USER_LAB altered.

SQL> 
SQL> ALTER TABLE system_user_lab
  2    MODIFY (system_user_type      NUMBER  CONSTRAINT nn_system_user_lab_3 NOT NULL);

Table SYSTEM_USER_LAB altered.

SQL> 
SQL> 
SQL> 
SQL> INSERT INTO system_user_lab
  2  ( system_user_lab_id
  3  , system_user_name
  4  , system_user_group_id
  5  , system_user_type
  6  , first_name
  7  , middle_name
  8  , last_name
  9  , created_by
 10  , creation_date
 11  , last_updated_by
 12  , last_update_date)
 13  VALUES
 14  ( system_user_lab_s1.NEXTVAL                        
 15  ,'DBA1'                                           
 16  ,(SELECT   common_lookup_lab_id
 17    FROM     common_lookup_lab
 18    WHERE    common_lookup_context = 'SYSTEM_USER_LAB'
 19    AND      common_lookup_type = 'DBA')                      
 20  ,(SELECT   common_lookup_lab_id
 21    FROM     common_lookup_lab
 22    WHERE    common_lookup_context = 'SYSTEM_USER_LAB'
 23    AND      common_lookup_type = 'SYSTEM_GROUP')  
 24  ,'Phineas'
 25  ,'Taylor'
 26  ,'Barnum'
 27  ,(SELECT   system_user_lab_id
 28    FROM     system_user_lab
 29    WHERE    system_user_name = 'SYSADMIN')        
 30  , SYSDATE                                         
 31  ,(SELECT   system_user_lab_id
 32    FROM     system_user_lab
 33    WHERE    system_user_name = 'SYSADMIN')         
 34  , SYSDATE                                         
 35  );

1 row inserted.

SQL> 
SQL> 
SQL> 
SQL> 
SQL> INSERT INTO system_user_lab
  2  ( system_user_lab_id
  3  , system_user_name
  4  , system_user_group_id
  5  , system_user_type
  6  , first_name
  7  , last_name
  8  , created_by
  9  , creation_date
 10  , last_updated_by
 11  , last_update_date)
 12  VALUES
 13  ( system_user_lab_s1.NEXTVAL                          -- system_user_id
 14  ,'DBA2'                                           -- system_user_name
 15  ,(SELECT   common_lookup_lab_id
 16    FROM     common_lookup_lab
 17    WHERE    common_lookup_context = 'SYSTEM_USER_LAB'
 18    AND      common_lookup_type = 'DBA')            -- system_user_group_id            
 19  ,(SELECT   common_lookup_lab_id
 20    FROM     common_lookup_lab
 21    WHERE    common_lookup_context = 'SYSTEM_USER_LAB'
 22    AND      common_lookup_type = 'SYSTEM_GROUP')   -- system_user_type
 23  ,'Phileas'
 24  ,'Fogg'
 25  ,(SELECT   system_user_lab_id
 26    FROM     system_user_lab
 27    WHERE    system_user_name = 'SYSADMIN')         -- created_by
 28  , SYSDATE                                         -- creation_date
 29  ,(SELECT   system_user_lab_id
 30    FROM     system_user_lab
 31    WHERE    system_user_name = 'SYSADMIN')         -- last_updated_by
 32  , SYSDATE                                         -- last_update_date
 33  );

1 row inserted.

SQL> 
SQL> 
SQL> SET NULL '<Null>'
SQL> COL system_user_id        FORMAT  9999
SQL> COL system_user_group_id  FORMAT  9999
SQL> COL system_user_type      FORMAT  9999
SQL> COL system_user_name      FORMAT  A10
SQL> COL full_user_name        FORMAT  A30
SQL> SELECT   system_user_lab_id
  2  ,        system_user_group_id
  3  ,        system_user_type
  4  ,        system_user_name
  5  ,        CASE
  6             WHEN last_name IS NOT NULL THEN
  7               last_name || ', ' || first_name || ' ' || middle_name
  8           END AS full_user_name
  9  FROM     system_user_lab;

                                                           System                                   
                                   System           System User                                     
                                    GUser             User                                          
SYSTEM_USER_LAB_ID                   ID #             Type Name       FULL_USER_NAME                
------------------ ---------------------- ---------------- ---------- ------------------------------
                 1                      1                3 SYSADMIN   <Null>                        
              1001                      2                3 DBA1       Barnum, Phineas Taylor        
              1002                      2                3 DBA2       Fogg, Phileas                 

3 rows selected. 

SQL> 
SQL> SPOOL OFF
